{
    "animales": [{
            "name": "Leon",
            "imagen": "Leon.png",
            "sonido": "Rugido.mp3"
        },
        {
            "name": "Lobo",
            "imagen": "Lobo.jpg",
            "sonido": "Aullido.mp3"
        },
        {
            "name": "Oso",
            "imagen": "Oso.jpg",
            "sonido": "Gruñido.mp3"
        },
        {
            "name": "Serpiente",
            "imagen": "Serpiente.jpg",
            "sonido": "Siseo.mp3"
        },
        {
            "name": "Aguila",
            "imagen": "Aguila.png",
            "sonido": "Chillido.mp3"
        }

    ]
}